{"count":1,"self":169.7743104,"total":170.1756614,"children":{"InitializeActuators":{"count":1,"self":0.0010004999999999999,"total":0.0010004999999999999,"children":null},"InitializeSensors":{"count":1,"self":0.0020005,"total":0.0020005,"children":null},"AgentSendState":{"count":8251,"self":0.22903489999999999,"total":0.3015702,"children":{"CollectObservations":{"count":1651,"self":0.051524099999999996,"total":0.051524099999999996,"children":null},"WriteActionMask":{"count":1651,"self":0.0030017999999999998,"total":0.0030017999999999998,"children":null},"RequestDecision":{"count":1651,"self":0.013006799999999999,"total":0.0180094,"children":{"RayPerceptionSensor.Perceive":{"count":1651,"self":0.0050025999999999994,"total":0.0050025999999999994,"children":null}}}}},"DecideAction":{"count":8251,"self":0.0320048,"total":0.0320048,"children":null},"AgentAct":{"count":8251,"self":0.063780599999999993,"total":0.063780599999999993,"children":null}},"gauges":{},"metadata":{"timer_format_version":"0.1.0","start_time_seconds":"1711248457","unity_version":"2022.3.13f1","command_line_arguments":"C:\\Program Files\\Unity\\2022.3.13f1\\Editor\\Unity.exe -projectpath D:\\PART III INDIVIDUAL PROJECT\\COMP3200-project -useHub -hubIPC -cloudEnvironment production -licensingIpc LicenseClient-User -hubSessionId c6809e25-f6b8-446c-acfa-1c24efeb467a -accessToken CIpw3zfewukuv4l-IdItjAaOoLFxvTPtuo_AoL7DE24011f","communication_protocol_version":"1.5.0","com.unity.ml-agents_version":"2.0.1","scene_name":"Level1","end_time_seconds":"1711248628"}}