{"count":1,"self":161.83164159999998,"total":175.04932879999998,"children":{"InitializeActuators":{"count":2,"self":0.0010011,"total":0.0010011,"children":null},"InitializeSensors":{"count":2,"self":0.0020001999999999997,"total":0.0020001999999999997,"children":null},"AgentSendState":{"count":8520,"self":0.24393479999999998,"total":0.9955120999999999,"children":{"CollectObservations":{"count":1654,"self":0.48852619999999997,"total":0.48852619999999997,"children":null},"WriteActionMask":{"count":1654,"self":0.0040022999999999994,"total":0.0040022999999999994,"children":null},"RequestDecision":{"count":1654,"self":0.25904879999999997,"total":0.25904879999999997,"children":null}}},"DecideAction":{"count":8520,"self":12.1156512,"total":12.136653299999999,"children":{"RayPerceptionSensor.Perceive":{"count":1654,"self":0.021001799999999998,"total":0.021001799999999998,"children":null}}},"AgentAct":{"count":8520,"self":0.0815236,"total":0.0815236,"children":null}},"gauges":{},"metadata":{"timer_format_version":"0.1.0","start_time_seconds":"1712130838","unity_version":"2022.3.13f1","command_line_arguments":"C:\\Program Files\\Unity\\2022.3.13f1\\Editor\\Unity.exe -projectpath D:\\PART III INDIVIDUAL PROJECT\\COMP3200-project -useHub -hubIPC -cloudEnvironment production -licensingIpc LicenseClient-User -hubSessionId 5f382179-c8f0-41bc-b47f-563038bb7755 -accessToken 0blj_u_oJvvia7bEmKk74dGYsvacid034LiBuDz1HQs011f","communication_protocol_version":"1.5.0","com.unity.ml-agents_version":"2.0.1","scene_name":"Main","end_time_seconds":"1712131013"}}