{"count":1,"self":162.3765632,"total":815.2802571,"children":{"InitializeActuators":{"count":50,"self":0.0020003,"total":0.0020003,"children":null},"InitializeSensors":{"count":50,"self":0.0010004,"total":0.0010004,"children":null},"AgentSendState":{"count":100134,"self":89.3029056,"total":110.6709533,"children":{"CollectObservations":{"count":1001350,"self":4.0601943999999994,"total":4.0601943999999994,"children":null},"WriteActionMask":{"count":1001350,"self":0.3676835,"total":0.3676835,"children":null},"RequestDecision":{"count":1001350,"self":1.8247132,"total":16.940171799999998,"children":{"AgentInfo.ToProto":{"count":1001350,"self":1.3813997,"total":15.115458499999999,"children":{"GenerateSensorData":{"count":1001350,"self":9.2186576,"total":13.7340588,"children":{"RayPerceptionSensor.Perceive":{"count":1001350,"self":4.5154011999999994,"total":4.5154011999999994,"children":null}}}}}}}}},"DecideAction":{"count":100134,"self":535.33337599999993,"total":535.3333614,"children":null},"AgentAct":{"count":100134,"self":6.6227792,"total":6.6431635999999994,"children":{"AgentInfo.ToProto":{"count":1215,"self":0.0040003,"total":0.0203844,"children":{"GenerateSensorData":{"count":1215,"self":0.0133828,"total":0.0163841,"children":{"RayPerceptionSensor.Perceive":{"count":1215,"self":0.0030012999999999997,"total":0.0030012999999999997,"children":null}}}}}}},"AgentInfo.ToProto":{"count":10512,"self":0.044575899999999995,"total":0.2532163,"children":{"GenerateSensorData":{"count":10512,"self":0.14802189999999998,"total":0.2086404,"children":{"RayPerceptionSensor.Perceive":{"count":10512,"self":0.0606185,"total":0.0606185,"children":null}}}}}},"gauges":{"ChasePlayer.CumulativeReward":{"count":11727,"max":8.229997,"min":-10.05002,"runningAverage":2.542645,"value":5.51,"weightedAverage":4.532133}},"metadata":{"timer_format_version":"0.1.0","start_time_seconds":"1709727549","unity_version":"2022.3.13f1","command_line_arguments":"C:\\Program Files\\Unity\\2022.3.13f1\\Editor\\Unity.exe -projectpath D:\\PART III INDIVIDUAL PROJECT\\COMP3200-project -useHub -hubIPC -cloudEnvironment production -licensingIpc LicenseClient-User -hubSessionId 89afe87c-b284-4511-94fa-0564ca0410d6 -accessToken zzTsTS1cyDiqpja9kOnMehjbFGKcA1HxHS___ydYDRY011f","communication_protocol_version":"1.5.0","com.unity.ml-agents_version":"2.0.1","scene_name":"MLEnvironmentTrainingScene_Basic","end_time_seconds":"1709728365"}}