{"count":1,"self":148.9266688,"total":794.7783101,"children":{"InitializeActuators":{"count":50,"self":0.0010054999999999999,"total":0.0010054999999999999,"children":null},"InitializeSensors":{"count":50,"self":0.0010008,"total":0.0010008,"children":null},"AgentSendState":{"count":100134,"self":93.241964799999991,"total":113.86544479999999,"children":{"CollectObservations":{"count":1001350,"self":3.7591232,"total":3.7591234,"children":null},"WriteActionMask":{"count":1001350,"self":0.3764725,"total":0.3764725,"children":null},"RequestDecision":{"count":1001350,"self":1.8233636,"total":16.487880999999998,"children":{"AgentInfo.ToProto":{"count":1001350,"self":1.2912679,"total":14.6645173,"children":{"GenerateSensorData":{"count":1001350,"self":8.9124536,"total":13.373249399999999,"children":{"RayPerceptionSensor.Perceive":{"count":1001350,"self":4.4607956,"total":4.4607956,"children":null}}}}}}}}},"DecideAction":{"count":100134,"self":524.7624192,"total":524.7624198,"children":null},"AgentAct":{"count":100134,"self":6.977376,"total":7.0037666,"children":{"AgentInfo.ToProto":{"count":1495,"self":0.007948199999999999,"total":0.026390999999999998,"children":{"GenerateSensorData":{"count":1495,"self":0.0124415,"total":0.0184428,"children":{"RayPerceptionSensor.Perceive":{"count":1495,"self":0.0060012999999999993,"total":0.0060012999999999993,"children":null}}}}}}},"AgentInfo.ToProto":{"count":9729,"self":0.035752599999999995,"total":0.21699929999999998,"children":{"GenerateSensorData":{"count":9729,"self":0.1260325,"total":0.18124669999999998,"children":{"RayPerceptionSensor.Perceive":{"count":9729,"self":0.0552142,"total":0.0552142,"children":null}}}}}},"gauges":{"ChasePlayer.CumulativeReward":{"count":11224,"max":6.824999,"min":-10.05002,"runningAverage":1.92018032,"value":5.55,"weightedAverage":2.58543777}},"metadata":{"timer_format_version":"0.1.0","start_time_seconds":"1709377867","unity_version":"2022.3.13f1","command_line_arguments":"C:\\Program Files\\Unity\\2022.3.13f1\\Editor\\Unity.exe -projectpath D:\\PART III INDIVIDUAL PROJECT\\COMP3200-project -useHub -hubIPC -cloudEnvironment production -licensingIpc LicenseClient-User -hubSessionId 0b2369b6-924e-4948-9ea7-2e1407fc1fa7 -accessToken AEfQhpO5Ad1-5ZCB506aTE6OzD6uiFDAklMqY-t3VNk011f","communication_protocol_version":"1.5.0","com.unity.ml-agents_version":"2.0.1","scene_name":"MLEnvironmentTrainingScene_Basic","end_time_seconds":"1709378662"}}