{"count":1,"self":91.6648384,"total":417.3364486,"children":{"InitializeActuators":{"count":50,"self":0.0010004,"total":0.0010004,"children":null},"InitializeSensors":{"count":50,"self":0.0020058999999999997,"total":0.0020058999999999997,"children":null},"AgentSendState":{"count":50134,"self":47.5478944,"total":58.269391999999996,"children":{"CollectObservations":{"count":501350,"self":2.0582628,"total":2.0582628,"children":null},"WriteActionMask":{"count":501350,"self":0.20378079999999998,"total":0.20378079999999998,"children":null},"RequestDecision":{"count":501350,"self":0.9341208,"total":8.4594553,"children":{"AgentInfo.ToProto":{"count":501350,"self":0.65140769999999992,"total":7.5253345,"children":{"GenerateSensorData":{"count":501350,"self":4.6104064,"total":6.8739268,"children":{"RayPerceptionSensor.Perceive":{"count":501350,"self":2.2635204,"total":2.2635204,"children":null}}}}}}}}},"DecideAction":{"count":50134,"self":263.96625919999997,"total":263.9662712,"children":null},"AgentAct":{"count":50134,"self":3.3448854,"total":3.3638901,"children":{"AgentInfo.ToProto":{"count":1324,"self":0.0020009,"total":0.0190047,"children":{"GenerateSensorData":{"count":1324,"self":0.0100025,"total":0.0170038,"children":{"RayPerceptionSensor.Perceive":{"count":1324,"self":0.0070012999999999994,"total":0.0070012999999999994,"children":null}}}}}}},"AgentInfo.ToProto":{"count":2948,"self":0.0130047,"total":0.0690496,"children":{"GenerateSensorData":{"count":2948,"self":0.0390406,"total":0.056044899999999995,"children":{"RayPerceptionSensor.Perceive":{"count":2948,"self":0.0170043,"total":0.0170043,"children":null}}}}}},"gauges":{"ChasePlayer.CumulativeReward":{"count":4272,"max":8.529996,"min":-10.05002,"runningAverage":-0.06720955,"value":5.54000044,"weightedAverage":2.65993834}},"metadata":{"timer_format_version":"0.1.0","start_time_seconds":"1709869333","unity_version":"2022.3.13f1","command_line_arguments":"C:\\Program Files\\Unity\\2022.3.13f1\\Editor\\Unity.exe -projectpath D:\\PART III INDIVIDUAL PROJECT\\COMP3200-project -useHub -hubIPC -cloudEnvironment production -licensingIpc LicenseClient-User -hubSessionId 166dce8d-cc13-4f19-bb30-1a0d1fabb74c -accessToken l3BpUJHUmOilc_7jtf8Mm3xDTq4t19qaYGhkLm_hmcU011f","communication_protocol_version":"1.5.0","com.unity.ml-agents_version":"2.0.1","scene_name":"MLEnvironmentTrainingScene_Basic","end_time_seconds":"1709869750"}}