{"count":1,"self":55.3998656,"total":278.50153209999996,"children":{"InitializeActuators":{"count":50,"self":0.0020009999999999997,"total":0.0020009999999999997,"children":null},"InitializeSensors":{"count":50,"self":0.0020003,"total":0.0020003,"children":null},"AgentSendState":{"count":35167,"self":31.447331199999997,"total":38.637968,"children":{"CollectObservations":{"count":351700,"self":1.2254342999999999,"total":1.2254342999999999,"children":null},"WriteActionMask":{"count":351700,"self":0.1305791,"total":0.1305791,"children":null},"RequestDecision":{"count":351700,"self":0.57298379999999993,"total":5.8346219999999995,"children":{"AgentInfo.ToProto":{"count":351700,"self":0.47189899999999996,"total":5.2616382,"children":{"GenerateSensorData":{"count":351700,"self":3.1818492,"total":4.7897392,"children":{"RayPerceptionSensor.Perceive":{"count":351700,"self":1.6078899,"total":1.6078899,"children":null}}}}}}}}},"DecideAction":{"count":35167,"self":182.2569344,"total":182.2569371,"children":null},"AgentAct":{"count":35167,"self":2.1689903999999998,"total":2.1877302,"children":{"AgentInfo.ToProto":{"count":1392,"self":0.0009991,"total":0.018739699999999998,"children":{"GenerateSensorData":{"count":1392,"self":0.0137405,"total":0.0177406,"children":{"RayPerceptionSensor.Perceive":{"count":1392,"self":0.0040000999999999995,"total":0.0040000999999999995,"children":null}}}}}}},"AgentInfo.ToProto":{"count":738,"self":0.0030007,"total":0.0140285,"children":{"GenerateSensorData":{"count":738,"self":0.0080284,"total":0.011027799999999999,"children":{"RayPerceptionSensor.Perceive":{"count":738,"self":0.0029993999999999997,"total":0.0029993999999999997,"children":null}}}}}},"gauges":{"ChasePlayer.CumulativeReward":{"count":2130,"max":10.1200037,"min":-10.05002,"runningAverage":-3.76052427,"value":-9.250016,"weightedAverage":-3.25608683}},"metadata":{"timer_format_version":"0.1.0","start_time_seconds":"1709898550","unity_version":"2022.3.13f1","command_line_arguments":"C:\\Program Files\\Unity\\2022.3.13f1\\Editor\\Unity.exe -projectpath D:\\PART III INDIVIDUAL PROJECT\\COMP3200-project -useHub -hubIPC -cloudEnvironment production -licensingIpc LicenseClient-User -hubSessionId d76c4844-3889-47fa-8492-79426cbb844b -accessToken e6CBDlUarkh0H-eyr8zaywYCpVAqbyikVRnEM3I5hV8011f","communication_protocol_version":"1.5.0","com.unity.ml-agents_version":"2.0.1","scene_name":"MLETrainingScene_Basic","end_time_seconds":"1709898829"}}