{
    "name": "root",
    "gauges": {
        "ChasePlayer.Policy.Entropy.mean": {
            "value": 1.4060304164886475,
            "min": 1.4060304164886475,
            "max": 1.4174379110336304,
            "count": 5
        },
        "ChasePlayer.Policy.Entropy.sum": {
            "value": 70336.671875,
            "min": 70077.1171875,
            "max": 71722.359375,
            "count": 5
        },
        "ChasePlayer.Step.mean": {
            "value": 249963.0,
            "min": 49976.0,
            "max": 249963.0,
            "count": 5
        },
        "ChasePlayer.Step.sum": {
            "value": 249963.0,
            "min": 49976.0,
            "max": 249963.0,
            "count": 5
        },
        "ChasePlayer.Policy.ExtrinsicValueEstimate.mean": {
            "value": 0.2827546298503876,
            "min": -18.04579734802246,
            "max": 0.2827546298503876,
            "count": 5
        },
        "ChasePlayer.Policy.ExtrinsicValueEstimate.sum": {
            "value": 266.6376037597656,
            "min": -15826.1640625,
            "max": 266.6376037597656,
            "count": 5
        },
        "ChasePlayer.Environment.EpisodeLength.mean": {
            "value": 127.75773195876289,
            "min": 127.75773195876289,
            "max": 157.03666666666666,
            "count": 5
        },
        "ChasePlayer.Environment.EpisodeLength.sum": {
            "value": 49570.0,
            "min": 47111.0,
            "max": 51060.0,
            "count": 5
        },
        "ChasePlayer.Environment.CumulativeReward.mean": {
            "value": 0.5,
            "min": 0.2842809364548495,
            "max": 0.5038167938931297,
            "count": 5
        },
        "ChasePlayer.Environment.CumulativeReward.sum": {
            "value": 194.0,
            "min": 85.0,
            "max": 198.0,
            "count": 5
        },
        "ChasePlayer.Policy.ExtrinsicReward.mean": {
            "value": 0.5,
            "min": 0.2842809364548495,
            "max": 0.5038167938931297,
            "count": 5
        },
        "ChasePlayer.Policy.ExtrinsicReward.sum": {
            "value": 194.0,
            "min": 85.0,
            "max": 198.0,
            "count": 5
        },
        "ChasePlayer.Losses.PolicyLoss.mean": {
            "value": 0.022392244829485812,
            "min": 0.022392244829485812,
            "max": 0.026662351477716582,
            "count": 5
        },
        "ChasePlayer.Losses.PolicyLoss.sum": {
            "value": 0.11196122414742907,
            "min": 0.10664940591086633,
            "max": 0.12925773520376727,
            "count": 5
        },
        "ChasePlayer.Losses.ValueLoss.mean": {
            "value": 0.08111747721831003,
            "min": 0.08111747721831003,
            "max": 34.30661067167918,
            "count": 5
        },
        "ChasePlayer.Losses.ValueLoss.sum": {
            "value": 0.40558738609155015,
            "min": 0.40558738609155015,
            "max": 137.22644268671672,
            "count": 5
        },
        "ChasePlayer.Policy.LearningRate.mean": {
            "value": 0.00016341616552795999,
            "min": 0.00016341616552795999,
            "max": 0.00028436670521109995,
            "count": 5
        },
        "ChasePlayer.Policy.LearningRate.sum": {
            "value": 0.0008170808276397999,
            "min": 0.0008170808276397999,
            "max": 0.0012814386728537998,
            "count": 5
        },
        "ChasePlayer.Policy.Epsilon.mean": {
            "value": 0.15447204,
            "min": 0.15447204,
            "max": 0.19478890000000001,
            "count": 5
        },
        "ChasePlayer.Policy.Epsilon.sum": {
            "value": 0.7723602,
            "min": 0.7723602,
            "max": 0.9271462,
            "count": 5
        },
        "ChasePlayer.Policy.Beta.mean": {
            "value": 0.002728154796,
            "min": 0.002728154796,
            "max": 0.00473996611,
            "count": 5
        },
        "ChasePlayer.Policy.Beta.sum": {
            "value": 0.01364077398,
            "min": 0.01364077398,
            "max": 0.021364595379999997,
            "count": 5
        },
        "ChasePlayer.IsTraining.mean": {
            "value": 1.0,
            "min": 1.0,
            "max": 1.0,
            "count": 5
        },
        "ChasePlayer.IsTraining.sum": {
            "value": 1.0,
            "min": 1.0,
            "max": 1.0,
            "count": 5
        }
    },
    "metadata": {
        "timer_format_version": "0.1.0",
        "start_time_seconds": "1700800400",
        "python_version": "3.9.13 (tags/v3.9.13:6de2ca5, May 17 2022, 16:36:42) [MSC v.1929 64 bit (AMD64)]",
        "command_line_arguments": "D:\\PART III INDIVIDUAL PROJECT\\COMP3200-project\\venv\\Scripts\\mlagents-learn --force",
        "mlagents_version": "0.30.0",
        "mlagents_envs_version": "0.30.0",
        "communication_protocol_version": "1.5.0",
        "pytorch_version": "2.1.1+cu121",
        "numpy_version": "1.21.2",
        "end_time_seconds": "1700800683"
    },
    "total": 283.1598478,
    "count": 1,
    "self": 0.004546000000004824,
    "children": {
        "run_training.setup": {
            "total": 0.021899800000000358,
            "count": 1,
            "self": 0.021899800000000358
        },
        "TrainerController.start_learning": {
            "total": 283.133402,
            "count": 1,
            "self": 0.18173469999925373,
            "children": {
                "TrainerController._reset_env": {
                    "total": 15.3336981,
                    "count": 1,
                    "self": 15.3336981
                },
                "TrainerController.advance": {
                    "total": 267.53640630000075,
                    "count": 12431,
                    "self": 0.1648026999989156,
                    "children": {
                        "env_step": {
                            "total": 211.54920750000227,
                            "count": 12431,
                            "self": 196.23280050000415,
                            "children": {
                                "SubprocessEnvManager._take_step": {
                                    "total": 15.19548519999892,
                                    "count": 12431,
                                    "self": 0.6538748999991171,
                                    "children": {
                                        "TorchPolicy.evaluate": {
                                            "total": 14.541610299999803,
                                            "count": 11607,
                                            "self": 14.541610299999803
                                        }
                                    }
                                },
                                "workers": {
                                    "total": 0.12092179999920205,
                                    "count": 12430,
                                    "self": 0.0,
                                    "children": {
                                        "worker_root": {
                                            "total": 263.7719754000025,
                                            "count": 12430,
                                            "is_parallel": true,
                                            "self": 86.00677980000114,
                                            "children": {
                                                "steps_from_proto": {
                                                    "total": 0.0004290000000004568,
                                                    "count": 1,
                                                    "is_parallel": true,
                                                    "self": 0.00010070000000084178,